{"stats":{"minecraft:custom":{"minecraft:time_since_rest":17243,"minecraft:open_chest":2,"minecraft:crouch_one_cm":48,"minecraft:play_time":17243,"minecraft:sprint_one_cm":11711,"minecraft:walk_one_cm":17766,"minecraft:sneak_time":902,"minecraft:walk_under_water_one_cm":180,"minecraft:mob_kills":2,"minecraft:drop":6,"minecraft:jump":84,"minecraft:damage_dealt":570,"minecraft:leave_game":1,"minecraft:time_since_death":17243,"minecraft:walk_on_water_one_cm":585,"minecraft:total_world_time":17243,"minecraft:climb_one_cm":1232,"minecraft:fall_one_cm":209,"minecraft:fly_one_cm":505362},"minecraft:dropped":{"minecraft:mutton":3,"minecraft:white_wool":2,"alexscaves:burrowing_arrow":64},"minecraft:killed":{"minecraft:sheep":2},"minecraft:used":{"lets_forge_bronze_and_iron:iron_gladius":2,"lets_forge_bronze_and_iron:bronze_spathion":1,"minecraft:netherite_sword":4,"alexsmobs:animal_dictionary":2,"lets_forge_bronze_and_iron:bronze_guandao":1},"minecraft:picked_up":{"alexscaves:burrowing_arrow":64,"minecraft:mutton":3,"minecraft:white_wool":2}},"DataVersion":3465}