{
  "mutantmonsters:root": {
    "criteria": {
      "killed_something": "2024-05-12 23:55:49 +0000"
    },
    "done": true
  },
  "iceandfire:recipes/misc/dragon_meal": {
    "criteria": {
      "has_item": "2024-05-12 23:55:50 +0000"
    },
    "done": true
  },
  "minecraft:recipes/food/cooked_mutton_from_smoking": {
    "criteria": {
      "has_mutton": "2024-05-12 23:55:50 +0000"
    },
    "done": true
  },
  "hopo:minecraft/adventure/all_mineshaft": {
    "criteria": {
      "locate_stone_mineshaft": "2024-05-12 23:46:18 +0000"
    },
    "done": false
  },
  "alexscaves:alexscaves/burrowing_arrow": {
    "criteria": {
      "burrowing_arrow": "2024-05-12 23:56:28 +0000"
    },
    "done": true
  },
  "undead_revamp2:theundeadchallenges": {
    "criteria": {
      "theundeadchallenges": "2024-05-12 23:42:52 +0000"
    },
    "done": true
  },
  "graveyard:graveyard/root": {
    "criteria": {
      "grave_01": "2024-05-12 23:53:46 +0000"
    },
    "done": true
  },
  "alexsmobs:alexsmobs/root": {
    "criteria": {
      "useitem": "2024-05-12 23:43:39 +0000"
    },
    "done": true
  },
  "minecraft:recipes/decorations/painting": {
    "criteria": {
      "has_wool": "2024-05-12 23:55:50 +0000"
    },
    "done": true
  },
  "alexscaves:alexscaves/desolate_dagger": {
    "criteria": {
      "desolate_dagger": "2024-05-12 23:57:09 +0000"
    },
    "done": true
  },
  "minecraft:recipes/decorations/crafting_table": {
    "criteria": {
      "unlock_right_away": "2024-05-12 23:42:52 +0000"
    },
    "done": true
  },
  "minecraft:recipes/decorations/chest": {
    "criteria": {
      "has_lots_of_items": "2024-05-12 23:56:41 +0000"
    },
    "done": true
  },
  "minecraft:recipes/misc/bone_meal": {
    "criteria": {
      "has_bone": "2024-05-12 23:53:53 +0000"
    },
    "done": true
  },
  "handcrafted:recipes/misc/white_sheet": {
    "criteria": {
      "has_white_sheet": "2024-05-12 23:55:50 +0000"
    },
    "done": true
  },
  "handcrafted:recipes/misc/white_cushion": {
    "criteria": {
      "has_white_cushion": "2024-05-12 23:55:50 +0000"
    },
    "done": true
  },
  "minecraft:husbandry/root": {
    "criteria": {
      "consumed_item": "2024-05-12 23:43:39 +0000"
    },
    "done": true
  },
  "minecraft:recipes/decorations/white_carpet": {
    "criteria": {
      "has_white_wool": "2024-05-12 23:55:50 +0000"
    },
    "done": true
  },
  "iceandfire:iceandfire/root": {
    "criteria": {
      "tick": "2024-05-12 23:42:52 +0000"
    },
    "done": true
  },
  "dungeons_arise:find_lighthouse": {
    "criteria": {
      "location0": "2024-05-12 23:53:19 +0000"
    },
    "done": true
  },
  "alexscaves:alexscaves/shadow_armor": {
    "criteria": {
      "helmet": "2024-05-12 23:56:37 +0000",
      "tunic": "2024-05-12 23:56:38 +0000"
    },
    "done": true
  },
  "hopo:minecraft/adventure/locate_mineshaft": {
    "criteria": {
      "locate_stone_mineshaft": "2024-05-12 23:46:18 +0000"
    },
    "done": true
  },
  "dungeons_arise:wda_root": {
    "criteria": {
      "WDA": "2024-05-12 23:42:52 +0000"
    },
    "done": true
  },
  "minecraft:recipes/food/cooked_mutton": {
    "criteria": {
      "has_mutton": "2024-05-12 23:55:50 +0000"
    },
    "done": true
  },
  "minecraft:recipes/decorations/white_banner": {
    "criteria": {
      "has_white_wool": "2024-05-12 23:55:50 +0000"
    },
    "done": true
  },
  "dungeons_arise:find_bathhouse": {
    "criteria": {
      "location0": "2024-05-12 23:44:12 +0000"
    },
    "done": true
  },
  "farmersdelight:main/root": {
    "criteria": {
      "seeds": "2024-05-12 23:42:51 +0000"
    },
    "done": true
  },
  "farmersdelight:recipes/cooking/bone_broth": {
    "criteria": {
      "has_bone": "2024-05-12 23:53:53 +0000"
    },
    "done": true
  },
  "dungeons_arise:find_mining_system": {
    "criteria": {
      "location0": "2024-05-12 23:47:03 +0000"
    },
    "done": true
  },
  "minecraft:recipes/food/cooked_mutton_from_campfire_cooking": {
    "criteria": {
      "has_mutton": "2024-05-12 23:55:50 +0000"
    },
    "done": true
  },
  "farmersdelight:recipes/cooking/pasta_with_mutton_chop": {
    "criteria": {
      "has_any_ingredient": "2024-05-12 23:55:50 +0000"
    },
    "done": true
  },
  "minecraft:adventure/root": {
    "criteria": {
      "killed_something": "2024-05-12 23:55:49 +0000"
    },
    "done": true
  },
  "minecraft:adventure/adventuring_time": {
    "criteria": {
      "minecraft:snowy_slopes": "2024-05-12 23:46:29 +0000",
      "minecraft:stony_shore": "2024-05-12 23:48:54 +0000",
      "minecraft:dripstone_caves": "2024-05-12 23:46:25 +0000",
      "minecraft:grove": "2024-05-12 23:46:56 +0000",
      "minecraft:cold_ocean": "2024-05-12 23:49:02 +0000",
      "minecraft:forest": "2024-05-12 23:46:58 +0000",
      "minecraft:ocean": "2024-05-12 23:49:49 +0000",
      "minecraft:frozen_peaks": "2024-05-12 23:46:33 +0000",
      "minecraft:old_growth_birch_forest": "2024-05-12 23:47:20 +0000",
      "minecraft:meadow": "2024-05-12 23:42:54 +0000",
      "minecraft:plains": "2024-05-12 23:45:24 +0000"
    },
    "done": false
  },
  "minecraft:recipes/decorations/white_bed": {
    "criteria": {
      "has_white_wool": "2024-05-12 23:55:50 +0000"
    },
    "done": true
  },
  "alexscaves:alexscaves/dreadbow": {
    "criteria": {
      "dreadbow": "2024-05-12 23:56:25 +0000"
    },
    "done": true
  },
  "tombstone:adventure/root": {
    "criteria": {
      "auto": "2024-05-12 23:42:54 +0000"
    },
    "done": true
  },
  "alexscaves:alexscaves/shadow_silk": {
    "criteria": {
      "desolate_dagger": "2024-05-12 23:56:36 +0000"
    },
    "done": true
  },
  "DataVersion": 3465
}